
/*Data for the table `creature` */

DELETE FROM `creature` WHERE `guid` IN (1112144, 1112145, 1112146, 1112148, 1112149, 1112150, 1112151, 1112152, 1112153, 1112155, 1112156, 1112157, 1112158, 1112159, 1112160, 1112161, 1112162, 1112163, 1112164, 1112165, 1112166, 1118308);

INSERT INTO `creature`(`guid`,`id`,`map`,`zoneId`,`areaId`,`spawnMask`,`PhaseMask`,`modelid`,`equipment_id`,`position_x`,`position_y`,`position_z`,`orientation`,`spawntimesecs`,`spawndist`,`currentwaypoint`,`curhealth`,`curmana`,`MovementType`,`npcflag`,`unit_flags`,`dynamicflags`,`VerifiedBuild`) VALUES
(1118308,908001,1,0,0,1,1,0,0,-7207.9,1056.01,327.532,4.59111,300,0,0,108000,0,2,0,0,0,0),
(1112166,25266,1,0,0,1,1,0,0,-7272.97,986.543,306.361,6.18204,300,0,0,42,0,2,0,0,0,0),
(1112165,25266,1,0,0,1,1,0,0,-7272,994.955,306.361,6.18204,300,0,0,42,0,2,0,0,0,0),
(1112163,25266,1,0,0,1,1,0,0,-7162.96,966.158,307.122,3.02317,300,0,0,42,0,2,0,0,0,0),
(1112164,25266,1,0,0,1,1,0,0,-7273.19,989.977,306.361,6.18204,300,0,0,42,0,2,0,0,0,0),
(1112162,25266,1,0,0,1,1,0,0,-7160.46,971.542,308.005,3.02317,300,0,0,42,0,2,0,0,0,0),
(1112160,25266,1,0,0,1,1,0,0,-7166.61,968.537,306.36,3.02317,300,0,0,42,0,2,0,0,0,0),
(1112161,25266,1,0,0,1,1,0,0,-7165.4,978.728,306.36,3.02317,300,0,0,42,0,2,0,0,0,0),
(1112159,25266,1,0,0,1,1,0,0,-7166.34,970.852,306.36,3.02317,300,0,0,42,0,2,0,0,0,0),
(1112158,25266,1,0,0,1,1,0,0,-7165.9,974.529,306.36,3.02317,300,0,0,42,0,2,0,0,0,0),
(1112157,25266,1,0,0,1,1,0,0,-7162.03,975.112,306.944,3.02317,300,0,0,42,0,2,0,0,0,0),
(1112145,25266,1,0,0,1,1,0,0,-7277.48,986.356,307.508,6.11808,300,0,0,42,0,2,0,0,0,0),
(1112146,25266,1,0,0,1,1,0,0,-7277.03,989.028,307.5,6.11808,300,0,0,42,0,2,0,0,0,0),
(1112156,25266,1,0,0,1,1,0,0,-7161.6,978.72,306.836,3.02317,300,0,0,42,0,2,0,0,0,0),
(1112155,25266,1,0,0,1,1,0,0,-7159.16,978.43,308.144,3.02317,300,0,0,42,0,2,0,0,0,0),
(1112152,25266,1,0,0,1,1,0,0,-7160.59,981.296,307.276,3.02317,300,0,0,42,0,2,0,0,0,0),
(1112153,25266,1,0,0,1,1,0,0,-7158.82,981.086,308.239,3.02317,300,0,0,42,0,2,0,0,0,0),
(1112150,25266,1,0,0,1,1,0,0,-7276.97,995.476,307.962,6.11808,300,0,0,42,0,2,0,0,0,0),
(1112151,25266,1,0,0,1,1,0,0,-7275.67,995.258,307.121,6.11808,300,0,0,42,0,2,0,0,0,0),
(1112149,25266,1,0,0,1,1,0,0,-7277.57,991.893,307.982,6.11808,300,0,0,42,0,2,0,0,0,0),
(1112148,25266,1,0,0,1,1,0,0,-7275.89,991.613,307.009,6.11808,300,0,0,42,0,2,0,0,0,0),
(1112144,25266,1,0,0,1,1,0,0,-7277.83,984.264,307.587,6.11808,300,0,0,42,0,2,0,0,0,0);

/*Data for the table `creature_template` */

DELETE FROM `creature_template` WHERE `entry` = 25266;

INSERT INTO `creature_template`(`entry`,`difficulty_entry_1`,`difficulty_entry_2`,`difficulty_entry_3`,`KillCredit1`,`KillCredit2`,`modelid1`,`modelid2`,`modelid3`,`modelid4`,`name`,`subname`,`IconName`,`gossip_menu_id`,`minlevel`,`maxlevel`,`exp`,`faction`,`npcflag`,`speed_walk`,`speed_run`,`scale`,`rank`,`dmgschool`,`BaseAttackTime`,`RangeAttackTime`,`BaseVariance`,`RangeVariance`,`unit_class`,`unit_flags`,`unit_flags2`,`dynamicflags`,`family`,`trainer_type`,`trainer_class`,`trainer_race`,`type`,`type_flags`,`lootid`,`pickpocketloot`,`skinloot`,`resistance1`,`resistance2`,`resistance3`,`resistance4`,`resistance5`,`resistance6`,`spell1`,`spell2`,`spell3`,`spell4`,`spell5`,`spell6`,`spell7`,`spell8`,`VehicleId`,`mingold`,`maxgold`,`AIName`,`MovementType`,`InhabitType`,`HoverHeight`,`HealthModifier`,`ManaModifier`,`ArmorModifier`,`DamageModifier`,`ExperienceModifier`,`RacialLeader`,`movementId`,`RegenHealth`,`mechanic_immune_mask`,`flags_extra`,`ScriptName`,`VerifiedBuild`) VALUES
(25266,0,0,0,0,0,24818,3422,24819,24821,'Arena Gambler','','',0,255,255,0,35,1,1,1.14286,1,0,0,0,0,1,1,1,0,0,0,0,0,0,0,7,0,0,0,0,0,0,0,0,0,0,0,0,0,0,0,0,0,0,0,0,0,'',0,3,1,5,1,1,1,1,0,0,1,0,0,'duel_systems',1);

/*Data for the table `gameobject` */

DELETE FROM `gameobject` WHERE `guid` IN (60046, 67903, 67906, 67907, 67908, 67909, 67918, 67919, 67920, 67921, 72037, 72043, 72058, 73361, 223623, 239644, 239650, 239651, 239653, 239655, 239656, 239657, 239658, 239659, 239660, 239661, 239669, 239670, 239671, 239672, 239673, 239674, 239675, 239886, 239888, 239889, 239891, 239893, 239894, 239895, 239896, 239897, 239903, 239906, 239913, 239922, 239923, 239933, 239934, 239941, 239944, 239946, 239948, 239949, 239950, 239951, 239952, 239954, 239955, 239957, 239958, 239959, 239960, 239961, 239962, 239966, 239968, 239970, 239971, 239972, 239973, 239974, 239975, 239976, 239977, 239985, 239992, 239994, 239997, 240003, 240004, 240005, 240008, 240010, 240015, 240016, 240017, 240019, 240020, 240021, 240023, 240024, 240026, 240027, 240028, 240063, 240064, 240065, 240066, 240067, 240068, 240069, 240072, 240073, 240074, 240075, 240076, 240077, 240080, 240085, 240086, 240087, 240088, 240089, 240090, 240091, 240092, 240093, 240094, 240095, 240096, 240097, 240098, 240099, 240100, 240109, 240118, 240119, 240120, 240121, 240122, 240123, 240124, 240125, 240126, 240127, 240128, 240133, 240136, 240137, 240141, 240144, 240147, 240149, 240150, 240152, 240153, 240155, 240160, 240164, 240166, 240167, 240168, 240169, 240170, 240171, 240172, 240174, 240175, 240176, 240177, 240178, 240179, 240180, 240181, 240182, 240183, 240184, 240193, 240194, 240195, 240196, 240197, 240198, 240199, 240200, 240202, 240203, 240204, 240205, 240206, 240207, 240208, 240209, 240210, 240211, 240212, 240213, 240214, 240215, 240216, 240217, 240218, 240219, 240220, 240221, 240222, 240223, 240224, 240225, 240226, 240227, 240228, 240229, 240230, 240231, 240232, 9044951, 9044969, 9044974, 9044976, 9044977, 9044978, 9044979, 9044980, 9044981, 9044982, 9045336, 9046953, 9046955, 9051186, 9055707, 9092464, 9092906, 9109862, 9109906, 9119083, 9119088, 9180717, 9180720, 9180728, 9330402, 9330403, 9347465, 9347468, 9365139, 9365229, 9365230, 9365232, 9365244, 9365245, 9365246, 9365247);

INSERT INTO `gameobject`(`guid`,`id`,`map`,`zoneId`,`areaId`,`spawnMask`,`PhaseMask`,`position_x`,`position_y`,`position_z`,`orientation`,`rotation0`,`rotation1`,`rotation2`,`rotation3`,`spawntimesecs`,`animprogress`,`state`,`VerifiedBuild`) VALUES
(9045336,8021000,1,0,0,1,1,-7217.97,1054.25,331.856,5.24803,0,0,0.494776,-0.86902,300,0,1,0),
(239650,8010000,1,0,0,1,1,-7218.95,982.451,299.273,1.43571,0,0,0.65777,0.753219,25,0,1,0),
(239651,8010001,1,0,0,1,1,-7218.95,982.451,299.273,1.43571,0,0,0.65777,0.753219,25,0,1,0),
(239644,8010002,0,0,0,1,1,-8942.42,-4009.48,331.64,0.943155,0,0,0.454292,0.890853,25,0,1,0),
(239653,8010003,1,0,0,1,1,-7218.95,982.451,299.273,1.43571,0,0,0.65777,0.753219,25,0,1,0),
(9044977,8007862,1,0,0,1,1,-7224.76,1021.03,303.523,1.40272,0,0,0.645258,0.763965,300,0,1,0),
(9044978,8007862,1,0,0,1,1,-7201.21,1017.04,303.523,1.40272,0,0,0.645258,0.763965,300,0,1,0),
(9044951,8007658,1,0,0,1,1,-7207.87,1056.14,327.535,4.52314,0,0,0.770754,-0.637133,300,0,1,0),
(9046955,800342,1,0,0,1,1,-7212.74,1056.6,335.527,4.59111,0,0,0.748659,-0.662955,300,0,1,0),
(9046953,800342,1,0,0,1,1,-7202.82,1055.39,335.527,4.59111,0,0,0.748659,-0.662955,300,0,1,0),
(9044976,8008124,1,0,0,1,1,-7207.83,1055.98,342.182,1.41429,0,0,0.649667,0.760219,300,0,1,0),
(9055707,8008054,1,0,0,1,1,-7137.07,970.488,329.703,1.51134,0,0,0.685777,0.727812,300,0,1,0),
(9044974,8008054,1,0,0,1,1,-7302.17,994.336,328.471,4.55182,0,0,0.761539,-0.648119,300,0,1,0),
(9044969,8008054,1,0,0,1,1,-7232.73,900.85,329.059,6.09277,0,0,0.0950627,-0.995471,300,0,1,0),
(9044979,8004714,1,0,0,1,1,-7280.03,1002.39,303.523,6.13,0,0,0.0765184,-0.997068,300,0,1,0),
(9044980,8004714,1,0,0,1,1,-7283.71,978.588,303.523,6.13,0,0,0.0765184,-0.997068,300,0,1,0),
(9044981,8004714,1,0,0,1,1,-7155.47,985.314,303.524,6.13,0,0,0.0765184,-0.997068,300,0,1,0),
(9044982,8004714,1,0,0,1,1,-7158.91,962.114,303.524,6.13,0,0,0.0765184,-0.997068,300,0,1,0),
(240164,70264,1,0,0,1,1,-7211.89,921.652,307.653,3.01201,0,0,0.997902,0.0647469,25,0,1,0),
(240166,70264,1,0,0,1,1,-7211.89,921.652,303.524,3.01201,0,0,0.997902,0.0647469,25,0,1,0),
(240167,70264,1,0,0,1,1,-7211.64,923.561,304.714,3.01201,0,0,0.997902,0.0647469,25,0,1,0),
(240168,70264,1,0,0,1,1,-7210.66,920.395,305.123,3.10238,0,0,0.999808,0.0196051,25,0,1,0),
(240169,70264,1,0,0,1,1,-7210,922.433,304.547,3.52728,0,0,0.981463,-0.191651,25,0,1,0),
(240170,70264,1,0,0,1,1,-7211.74,925.442,305.599,3.55012,0,0,0.97921,-0.202848,25,0,1,0),
(240171,70264,1,0,0,1,1,-7211.08,927.887,303.524,2.53696,0,0,0.954649,0.297734,25,0,1,0),
(240172,70264,1,0,0,1,1,-7210.16,925.499,303.523,0.171338,0,0,0.0855642,0.996333,25,0,1,0),
(240174,70264,1,0,0,1,1,-7212.64,918.485,307.331,2.88561,0,0,0.99182,0.127644,25,0,1,0),
(240175,70264,1,0,0,1,1,-7213.07,916.643,307.346,4.4564,0,0,0.791581,-0.611065,25,0,1,0),
(240176,70264,1,0,0,1,1,-7213.5,915.324,306.69,4.4564,0,0,0.791581,-0.611065,25,0,1,0),
(240177,70264,1,0,0,1,1,-7213.94,913.631,308.328,2.57459,0,0,0.960082,0.27972,25,0,1,0),
(240178,70264,1,0,0,1,1,-7210.59,918.498,303.524,2.23965,0,0,0.900025,0.435839,25,0,1,0),
(240179,70264,1,0,0,1,1,-7211,916.593,304.705,2.5813,0,0,0.961015,0.276496,25,0,1,0),
(240180,70264,1,0,0,1,1,-7211.58,914.537,304.612,5.18568,0,0,0.521622,-0.853176,25,0,1,0),
(240181,70264,1,0,0,1,1,-7214.78,911.262,309.84,2.45752,0,0,0.942074,0.335406,25,0,1,0),
(240182,70264,1,0,0,1,1,-7216.24,912.227,306.76,5.43418,0,0,0.411866,-0.911244,25,0,1,0),
(240183,70264,1,0,0,1,1,-7212.83,912.539,307.181,2.37505,0,0,0.927447,0.373954,25,0,1,0),
(240184,70264,1,0,0,1,1,-7213.46,909.984,307.23,0.549789,0,0,0.271445,0.962454,25,0,1,0),
(240194,70264,1,0,0,1,1,-7209.58,914.14,303.524,3.51295,0,0,0.982811,-0.184616,25,0,1,0),
(240195,70264,1,0,0,1,1,-7208.91,916.507,303.523,3.29697,0,0,0.996984,-0.0776098,25,0,1,0),
(240196,70264,1,0,0,1,1,-7208.91,920.253,303.524,3.50117,0,0,0.983881,-0.178823,25,0,1,0),
(240197,70264,1,0,0,1,1,-7211.93,910.935,303.523,2.14636,0,0,0.878724,0.477331,25,0,1,0),
(240198,70264,1,0,0,1,1,-7211.66,909.391,304.125,3.06528,0,0,0.999272,0.0381473,25,0,1,0),
(240199,70264,1,0,0,1,1,-7243.47,918.183,306.827,2.88084,0,0,0.991513,0.130006,25,0,1,0),
(240200,70264,1,0,0,1,1,-7242.56,920.043,306.432,6.18659,0,0,0.0482802,-0.998834,25,0,1,0),
(240202,70264,1,0,0,1,1,-7242.34,922.252,307.37,4.61579,0,0,0.740422,-0.672143,25,0,1,0),
(240203,70264,1,0,0,1,1,-7241.58,918.298,307.496,5.83709,0,0,0.221202,-0.975228,25,0,1,0),
(240204,70264,1,0,0,1,1,-7242.13,920.107,308.89,6.18659,0,0,0.0482802,-0.998834,25,0,1,0),
(240205,70264,1,0,0,1,1,-7240.56,920.002,306.682,3.3923,0,0,0.992153,-0.125027,25,0,1,0),
(240206,70264,1,0,0,1,1,-7243.02,924.059,309.946,6.17654,0,0,0.0532979,-0.998579,25,0,1,0),
(240207,70264,1,0,0,1,1,-7243.01,924.088,305.274,6.17654,0,0,0.0532979,-0.998579,25,0,1,0),
(240208,70264,1,0,0,1,1,-7243.04,924.253,303.523,6.17654,0,0,0.0532979,-0.998579,25,0,1,0),
(240209,70264,1,0,0,1,1,-7241.35,924.009,307.062,1.96681,0,0,0.83239,0.55419,25,0,1,0),
(240210,70264,1,0,0,1,1,-7241.94,925.8,305.81,5.47362,0,0,0.393821,-0.919187,25,0,1,0),
(240211,70264,1,0,0,1,1,-7241.6,928.466,303.523,6.04382,0,0,0.119399,-0.992846,25,0,1,0),
(240212,70264,1,0,0,1,1,-7241.24,930.286,305.206,3.14491,0,0,0.999999,-0.00165872,25,0,1,0),
(240213,70264,1,0,0,1,1,-7243.68,926.66,303.523,5.75479,0,0,0.261137,-0.965302,25,0,1,0),
(240214,70264,1,0,0,1,1,-7242.97,929.298,303.523,5.94014,0,0,0.170683,-0.985326,25,0,1,0),
(240215,70264,1,0,0,1,1,-7242.62,931.894,303.523,0.27742,0,0,0.138265,0.990395,25,0,1,0),
(240216,70264,1,0,0,1,1,-7240.76,933.186,304.251,4.5225,0,0,0.770957,-0.636887,25,0,1,0),
(240217,70264,1,0,0,1,1,-7240.6,934.86,303.523,1.03381,0,0,0.494194,0.869352,25,0,1,0),
(240218,70264,1,0,0,1,1,-7240.63,927.437,308.706,3.04601,0,0,0.998858,0.0477748,25,0,1,0),
(240219,70264,1,0,0,1,1,-7239.85,928.99,306.613,4.15651,0,0,0.873982,-0.485958,25,0,1,0),
(240220,70264,1,0,0,1,1,-7239.49,930.882,305.622,0.293923,0,0,0.146433,0.989221,25,0,1,0),
(240221,70264,1,0,0,1,1,-7243.6,927.232,307.087,2.75142,0,0,0.981031,0.19385,25,0,1,0),
(240222,70264,1,0,0,1,1,-7243.98,921.131,303.523,0.378774,0,0,0.188257,0.98212,25,0,1,0),
(240223,70264,1,0,0,1,1,-7245.03,918.867,303.523,5.00398,0,0,0.596875,-0.802334,25,0,1,0),
(240224,70264,1,0,0,1,1,-7243.15,916.057,303.523,0.849226,0,0,0.411968,0.911198,25,0,1,0),
(240225,70264,1,0,0,1,1,-7240.85,916.565,303.523,2.12943,0,0,0.87465,0.484755,25,0,1,0),
(240226,70264,1,0,0,1,1,-7245.19,916.681,303.523,0.8453,0,0,0.410179,0.912005,25,0,1,0),
(240141,8009248,1,0,0,1,1,-7226.12,929.725,303.755,0.169878,0,0,0.0848367,0.996395,25,0,1,0),
(9119088,8009248,1,0,0,1,1,-1823.82,-4584.27,-109.975,5.70834,0,0,0.283482,-0.958978,300,0,1,0),
(240149,8009248,1,0,0,1,1,-7227.33,920.772,306.682,1.43571,0,0,0.657771,0.753218,25,0,1,0),
(240147,8009248,1,0,0,1,1,-7226.91,923.893,305.622,1.43571,0,0,0.657771,0.753218,25,0,1,0),
(240144,8009248,1,0,0,1,1,-7226.49,926.943,304.55,1.43571,0,0,0.657771,0.753218,25,0,1,0),
(9119083,8009248,1,0,0,1,1,-1823.47,-4583.57,-110.052,4.20586,0,0,0.861725,-0.507375,300,0,1,0),
(9347465,8009248,1,0,0,1,1,6459.17,-4273.97,667.048,3.94114,0,0,0.921148,-0.389212,300,0,1,0),
(9347468,8009248,1,0,0,1,1,6474.25,-4258.45,665.93,3.94114,0,0,0.921148,-0.389212,300,0,1,0),
(240150,181640,1,0,0,1,1,-7228.43,912.741,306.682,1.43571,0,0,0.657771,0.753218,25,0,1,0),
(240152,181640,1,0,0,1,1,-7235.39,917.648,306.682,0.438242,0,0,0.217372,0.976089,25,0,1,0),
(240153,181640,1,0,0,1,1,-7220.81,916.125,306.681,2.44007,0,0,0.939112,0.343611,25,0,1,0),
(240155,181640,1,0,0,1,1,-7218.34,922.78,306.683,2.96331,0,0,0.99603,0.0890233,25,0,1,0),
(240160,181640,1,0,0,1,1,-7236.27,924.809,306.682,6.1303,0,0,0.0763687,-0.99708,25,0,1,0),
(9365229,186393,1,0,0,1,1,-3067.83,2199.85,43.8142,1.85265,0,0,0.799417,0.600776,300,0,1,0),
(9365139,186393,1,0,0,1,1,-2789.46,2291.79,53.9035,2.34029,0,0,0.920808,0.390016,300,0,1,0),
(240010,186393,1,0,0,1,1,-7162.65,959.809,303.523,4.58374,0,0,0.751097,-0.660192,25,0,1,0),
(240008,186393,1,0,0,1,1,-7158.73,989.066,303.524,1.43571,0,0,0.657771,0.753218,25,0,1,0),
(239922,186393,1,0,0,1,1,-7279.56,975.823,303.523,4.57633,0,0,0.753539,-0.657403,25,0,1,0),
(239997,186393,1,0,0,1,1,-7159.63,980.321,306.361,3.00559,0,0,0.997689,0.0679491,25,0,1,0),
(239913,186393,1,0,0,1,1,-7275.58,1004.97,303.523,1.43885,0,0,0.658953,0.752184,25,0,1,0),
(239923,186393,1,0,0,1,1,-7277.64,990.373,306.361,6.1613,0,0,0.0609072,-0.998143,25,0,1,0),
(239933,186393,1,0,0,1,1,-7278.38,984.389,306.36,6.1613,0,0,0.0609072,-0.998143,25,0,1,0),
(239934,186393,1,0,0,1,1,-7276.92,996.3,306.36,6.1613,0,0,0.0609072,-0.998143,25,0,1,0),
(240065,186393,1,0,0,1,1,-7248.77,1032.2,306.361,3.77837,0,0,0.949741,-0.313037,25,0,1,0),
(240080,186393,1,0,0,1,1,-7174.38,1012.29,303.523,3.79203,0,0,0.94758,-0.319518,25,0,1,0),
(240064,186393,1,0,0,1,1,-7259.13,1024.25,306.361,0.640679,0,0,0.314889,0.949129,25,0,1,0),
(240100,186393,1,0,0,1,1,-7262.34,949.284,303.524,0.654239,0,0,0.321317,0.946972,25,0,1,0),
(240128,186393,1,0,0,1,1,-7187.33,939.703,303.523,2.21718,0,0,0.895071,0.445923,25,0,1,0),
(240024,186393,1,0,0,1,1,-7252.32,1026.1,303.524,5.3627,0,0,0.444166,-0.895945,25,0,1,0),
(239992,186393,1,0,0,1,1,-7160.45,974.339,306.361,3.00559,0,0,0.997689,0.0679491,25,0,1,0),
(239994,186393,1,0,0,1,1,-7161.27,968.374,306.362,3.00559,0,0,0.997689,0.0679491,25,0,1,0),
(240227,186393,1,0,0,1,1,-7176.13,1019.19,306.361,5.36606,0,0,0.442661,-0.896689,25,0,1,0),
(240228,186393,1,0,0,1,1,-7168.2,1008.91,306.36,2.24018,0,0,0.900139,0.435603,25,0,1,0),
(240229,186393,1,0,0,1,1,-7260.57,942.307,306.36,2.22945,0,0,0.89779,0.440424,25,0,1,0),
(240230,186393,1,0,0,1,1,-7268.58,952.669,306.36,5.36319,0,0,0.443945,-0.896054,25,0,1,0),
(240231,186393,1,0,0,1,1,-7180.39,941.411,306.36,3.79612,0,0,0.946925,-0.321454,25,0,1,0),
(240232,186393,1,0,0,1,1,-7190.67,933.47,306.36,0.654529,0,0,0.321454,0.946925,25,0,1,0),
(9365230,186393,1,0,0,1,1,-3077.56,2197.23,42.7844,1.83087,0,0,0.792826,0.609448,300,0,1,0),
(9365232,186393,1,0,0,1,1,-3504.66,2071.59,42.6084,1.13352,0,0,0.536904,0.843644,300,0,1,0),
(9365244,186393,1,0,0,1,1,-4759.7,1584.99,84.6154,0.124395,0,0,0.0621572,0.998066,300,0,1,0),
(9365245,186393,1,0,0,1,1,-4758.94,1578.86,85.7949,0.124395,0,0,0.0621572,0.998066,300,0,1,0),
(9365246,186393,1,0,0,1,1,-4758.17,1572.71,87.2961,0.124395,0,0,0.0621572,0.998066,300,0,1,0),
(9365247,186393,1,0,0,1,1,-4757.39,1566.47,87.6473,0.124395,0,0,0.0621572,0.998066,300,0,1,0),
(60046,188596,571,0,0,1,1,3404.73,-5394.46,267.362,1.18682,0,0,0,1,300,100,0,0),
(239948,188596,1,0,0,1,1,-7164.57,975.06,303.523,1.43571,0,0,0.657771,0.753218,25,0,1,0),
(239950,188596,1,0,0,1,1,-7163.66,981.741,303.523,1.43571,0,0,0.657771,0.753218,25,0,1,0),
(240026,188596,1,0,0,1,1,-7257.12,1032.41,303.524,5.3627,0,0,0.444166,-0.895945,25,0,1,0),
(240090,188596,1,0,0,1,1,-7268.73,944.317,303.523,0.654239,0,0,0.321317,0.946972,25,0,1,0),
(240015,188596,1,0,0,1,1,-7255.01,1029.64,303.524,5.3627,0,0,0.444165,-0.895945,25,0,1,0),
(240091,188596,1,0,0,1,1,-7270.72,946.901,303.523,0.654239,0,0,0.321317,0.946972,25,0,1,0),
(239658,188596,1,0,0,1,1,-7276.42,1000.47,303.523,1.43571,0,0,0.65777,0.753219,25,0,1,0),
(239657,188596,1,0,0,1,1,-7276.87,997.127,303.523,1.43571,0,0,0.65777,0.753219,25,0,1,0),
(239656,188596,1,0,0,1,1,-7277.33,993.788,303.523,1.43571,0,0,0.65777,0.753219,25,0,1,0),
(239655,188596,1,0,0,1,1,-7277.78,990.448,303.523,1.43571,0,0,0.65777,0.753219,25,0,1,0),
(239669,188596,1,0,0,1,1,-7273.63,989.883,303.523,1.43571,0,0,0.65777,0.753219,25,0,1,0),
(239661,188596,1,0,0,1,1,-7279.1,980.338,303.523,1.43571,0,0,0.65777,0.753219,25,0,1,0),
(239670,188596,1,0,0,1,1,-7273.17,993.224,303.523,1.43571,0,0,0.65777,0.753219,25,0,1,0),
(239672,188596,1,0,0,1,1,-7272.26,999.903,303.523,1.43571,0,0,0.65777,0.753219,25,0,1,0),
(239659,188596,1,0,0,1,1,-7278.22,987.078,303.523,1.43571,0,0,0.65777,0.753219,25,0,1,0),
(239660,188596,1,0,0,1,1,-7278.66,983.707,303.523,1.43571,0,0,0.65777,0.753219,25,0,1,0),
(239671,188596,1,0,0,1,1,-7272.72,996.564,303.523,1.43571,0,0,0.65777,0.753219,25,0,1,0),
(239673,188596,1,0,0,1,1,-7274.08,986.518,303.524,1.43571,0,0,0.65777,0.753219,25,0,1,0),
(239674,188596,1,0,0,1,1,-7274.54,983.151,303.524,1.43571,0,0,0.65777,0.753219,25,0,1,0),
(239675,188596,1,0,0,1,1,-7275,979.786,303.524,1.43571,0,0,0.65777,0.753219,25,0,1,0),
(239949,188596,1,0,0,1,1,-7164.12,978.4,303.523,1.43571,0,0,0.657771,0.753218,25,0,1,0),
(240077,188596,1,0,0,1,1,-7166.01,1014.58,303.523,3.79203,0,0,0.94758,-0.319518,25,0,1,0),
(239960,188596,1,0,0,1,1,-7160.4,974.416,303.524,1.43571,0,0,0.657771,0.753218,25,0,1,0),
(239951,188596,1,0,0,1,1,-7163.21,985.081,303.523,1.43571,0,0,0.657771,0.753218,25,0,1,0),
(240028,188596,1,0,0,1,1,-7259.67,1030.47,303.523,5.3627,0,0,0.444166,-0.895945,25,0,1,0),
(239958,188596,1,0,0,1,1,-7161.31,967.734,303.524,1.43571,0,0,0.657771,0.753218,25,0,1,0),
(240068,188596,1,0,0,1,1,-7168.78,1012.46,303.524,3.79203,0,0,0.94758,-0.319518,25,0,1,0),
(240069,188596,1,0,0,1,1,-7174.66,1020.19,303.524,3.79203,0,0,0.94758,-0.319518,25,0,1,0),
(240072,188596,1,0,0,1,1,-7166.81,1009.87,303.523,3.79203,0,0,0.94758,-0.319518,25,0,1,0),
(240067,188596,1,0,0,1,1,-7170.75,1015.05,303.524,3.79203,0,0,0.94758,-0.319518,25,0,1,0),
(240066,188596,1,0,0,1,1,-7172.72,1017.64,303.524,3.79203,0,0,0.94758,-0.319518,25,0,1,0),
(239961,188596,1,0,0,1,1,-7159.95,977.758,303.524,1.43571,0,0,0.657771,0.753218,25,0,1,0),
(239955,188596,1,0,0,1,1,-7165.94,964.962,303.524,1.43571,0,0,0.657771,0.753218,25,0,1,0),
(239957,188596,1,0,0,1,1,-7161.76,964.393,303.523,1.43571,0,0,0.657771,0.753218,25,0,1,0),
(240027,188596,1,0,0,1,1,-7254.53,1034.39,303.524,5.3627,0,0,0.444166,-0.895945,25,0,1,0),
(240075,188596,1,0,0,1,1,-7169.95,1019.76,303.523,3.79203,0,0,0.94758,-0.319518,25,0,1,0),
(239966,188596,1,0,0,1,1,-7159.03,984.508,303.524,1.43571,0,0,0.657771,0.753218,25,0,1,0),
(239962,188596,1,0,0,1,1,-7159.49,981.1,303.524,1.43571,0,0,0.657771,0.753218,25,0,1,0),
(239952,188596,1,0,0,1,1,-7165.03,971.695,303.524,1.43571,0,0,0.657771,0.753218,25,0,1,0),
(239959,188596,1,0,0,1,1,-7160.85,971.074,303.524,1.43571,0,0,0.657771,0.753218,25,0,1,0),
(239954,188596,1,0,0,1,1,-7165.49,968.329,303.524,1.43571,0,0,0.657771,0.753218,25,0,1,0),
(240124,188596,1,0,0,1,1,-7179.38,939.825,303.523,1.78622,0,0,0.779027,0.626991,25,0,1,0),
(240125,188596,1,0,0,1,1,-7189.66,932.069,303.523,2.21718,0,0,0.895071,0.445923,25,0,1,0),
(240092,188596,1,0,0,1,1,-7267.97,949.005,303.523,0.654239,0,0,0.321317,0.946972,25,0,1,0),
(240098,188596,1,0,0,1,1,-7262.1,941.384,303.524,0.654239,0,0,0.321317,0.946972,25,0,1,0),
(240099,188596,1,0,0,1,1,-7259.35,943.486,303.524,0.654239,0,0,0.321317,0.946972,25,0,1,0),
(240096,188596,1,0,0,1,1,-7266.02,946.459,303.524,0.654239,0,0,0.321317,0.946972,25,0,1,0),
(240097,188596,1,0,0,1,1,-7264.05,943.929,303.524,0.654239,0,0,0.321317,0.946972,25,0,1,0),
(240095,188596,1,0,0,1,1,-7266.78,941.771,303.524,0.654239,0,0,0.321317,0.946972,25,0,1,0),
(240094,188596,1,0,0,1,1,-7267.21,953.693,303.523,0.654239,0,0,0.321317,0.946972,25,0,1,0),
(240121,188596,1,0,0,1,1,-7187.05,934.013,303.523,2.21718,0,0,0.895071,0.445923,25,0,1,0),
(240093,188596,1,0,0,1,1,-7269.95,951.589,303.523,0.654239,0,0,0.321317,0.946972,25,0,1,0),
(240127,188596,1,0,0,1,1,-7181.46,942.585,303.523,2.57948,0,0,0.960763,0.27737,25,0,1,0),
(240120,188596,1,0,0,1,1,-7184.97,931.254,303.523,2.21718,0,0,0.895071,0.445923,25,0,1,0),
(240119,188596,1,0,0,1,1,-7179.81,935.147,303.524,2.21718,0,0,0.895071,0.445923,25,0,1,0),
(240123,188596,1,0,0,1,1,-7181.94,937.892,303.523,2.21718,0,0,0.895071,0.445923,25,0,1,0),
(240126,188596,1,0,0,1,1,-7191.74,934.827,303.523,2.21718,0,0,0.895071,0.445923,25,0,1,0),
(240118,188596,1,0,0,1,1,-7182.37,933.215,303.524,2.21718,0,0,0.895071,0.445923,25,0,1,0),
(240122,188596,1,0,0,1,1,-7184.5,935.96,303.523,2.21718,0,0,0.895071,0.445923,25,0,1,0),
(240076,188596,1,0,0,1,1,-7167.98,1017.17,303.523,3.79203,0,0,0.94758,-0.319518,25,0,1,0),
(240017,188596,1,0,0,1,1,-7260.11,1025.76,303.524,5.3627,0,0,0.444165,-0.895945,25,0,1,0),
(240021,188596,1,0,0,1,1,-7247.73,1030.83,303.524,5.3627,0,0,0.444165,-0.895945,25,0,1,0),
(240020,188596,1,0,0,1,1,-7249.82,1033.58,303.524,5.3627,0,0,0.444165,-0.895945,25,0,1,0),
(240019,188596,1,0,0,1,1,-7252.42,1031.61,303.524,5.3627,0,0,0.444165,-0.895945,25,0,1,0),
(240023,188596,1,0,0,1,1,-7258.02,1023.01,303.523,5.3627,0,0,0.444165,-0.895945,25,0,1,0),
(240016,188596,1,0,0,1,1,-7257.56,1027.7,303.524,5.3627,0,0,0.444165,-0.895945,25,0,1,0),
(240073,188596,1,0,0,1,1,-7169.55,1007.76,303.523,3.79203,0,0,0.94758,-0.319518,25,0,1,0),
(240074,188596,1,0,0,1,1,-7177.41,1018.09,303.523,3.79203,0,0,0.94758,-0.319518,25,0,1,0),
(240193,70264,1,0,0,1,1,-7210.52,912.412,304.893,2.5155,0,0,0.9514,0.307959,25,0,1,0),
(239891,178764,1,0,0,1,1,-7272.6,985.626,306.361,6.1481,0,0,0.0674923,-0.99772,25,0,1,0),
(239897,178764,1,0,0,1,1,-7270.77,999.019,306.36,6.1481,0,0,0.0674923,-0.99772,25,0,1,0),
(239896,178764,1,0,0,1,1,-7271.12,996.481,306.36,6.1481,0,0,0.0674923,-0.99772,25,0,1,0),
(239893,178764,1,0,0,1,1,-7272.26,988.172,306.361,6.1481,0,0,0.0674923,-0.99772,25,0,1,0),
(239895,178764,1,0,0,1,1,-7271.48,993.817,306.361,6.1481,0,0,0.0674923,-0.99772,25,0,1,0),
(239894,178764,1,0,0,1,1,-7271.88,990.953,306.361,6.1481,0,0,0.0674923,-0.99772,25,0,1,0),
(239888,178764,1,0,0,1,1,-7273.33,980.292,306.361,6.1481,0,0,0.0674923,-0.99772,25,0,1,0),
(239889,178764,1,0,0,1,1,-7272.95,983.06,306.361,6.1481,0,0,0.0674923,-0.99772,25,0,1,0),
(239886,178764,1,0,0,1,1,-7273.7,977.636,306.361,6.1481,0,0,0.0674923,-0.99772,25,0,1,0),
(239906,178764,1,0,0,1,1,-7276.49,978.036,306.361,4.59361,0,0,0.747829,-0.663891,25,0,1,0),
(239903,178764,1,0,0,1,1,-7270.44,1001.47,306.36,1.43885,0,0,0.658953,0.752184,25,0,1,0),
(239946,178764,1,0,0,1,1,-7281.08,978.658,306.36,6.14417,0,0,0.0694537,-0.997585,25,0,1,0),
(239968,178764,1,0,0,1,1,-7164.82,986.986,306.36,3.01043,0,0,0.99785,0.0655325,25,0,1,0),
(239972,178764,1,0,0,1,1,-7165.9,978.853,306.36,3.01043,0,0,0.99785,0.0655325,25,0,1,0),
(239977,178764,1,0,0,1,1,-7167.68,965.418,306.36,3.01043,0,0,0.99785,0.0655325,25,0,1,0),
(239975,178764,1,0,0,1,1,-7166.97,970.755,306.36,3.01043,0,0,0.99785,0.0655325,25,0,1,0),
(9051186,178764,1,0,0,1,1,-7168,963.017,306.36,4.61838,0,0,0.739552,-0.6731,300,0,1,0),
(239973,178764,1,0,0,1,1,-7166.25,976.209,306.36,3.01043,0,0,0.99785,0.0655325,25,0,1,0),
(239971,178764,1,0,0,1,1,-7165.54,981.532,306.36,3.01043,0,0,0.99785,0.0655325,25,0,1,0),
(239974,178764,1,0,0,1,1,-7166.62,973.406,306.36,3.01043,0,0,0.99785,0.0655325,25,0,1,0),
(239970,178764,1,0,0,1,1,-7165.18,984.315,306.36,3.01043,0,0,0.99785,0.0655325,25,0,1,0),
(239985,178764,1,0,0,1,1,-7161.79,986.521,306.361,1.42079,0,0,0.652132,0.758105,25,0,1,0),
(239976,178764,1,0,0,1,1,-7167.32,968.097,306.36,3.01043,0,0,0.99785,0.0655325,25,0,1,0),
(67907,194593,571,0,0,1,1,8460.36,927.153,544.916,3.14159,0,0,0,1,180,255,1,0),
(239944,194593,1,0,0,1,1,-7278.25,996.463,308.409,6.1613,0,0,0.0609072,-0.998143,25,0,1,0),
(67909,194595,571,0,0,1,1,8459.95,992.174,544.922,-2.94959,0,0,0,1,180,255,1,0),
(239941,194595,1,0,0,1,1,-7279.28,990.573,308.462,6.1613,0,0,0.0609072,-0.998143,25,0,1,0),
(67903,194589,571,0,0,1,1,8439.42,1010.37,544.698,-1.50971,0,0,0,1,180,255,1,0),
(73361,194589,571,0,0,1,1,8439.42,1010.37,544.698,-1.50971,0,0,0,0,0,0,1,0),
(9180728,194589,1,0,0,1,1,-7279.68,984.602,308.397,6.1613,0,0,0.0609048,-0.998144,300,0,1,0),
(223623,170592,1,0,0,1,1,-1824.72,-4583.54,-115.128,4.53332,0,0,0.767499,-0.64105,25,0,1,0),
(240063,170592,1,0,0,1,1,-7256.76,1032,307.052,5.3627,0,0,0.444166,-0.895945,25,0,1,0),
(240085,170592,1,0,0,1,1,-7168.76,1016.56,306.909,3.79203,0,0,0.94758,-0.319518,25,0,1,0),
(240109,170592,1,0,0,1,1,-7268.44,944.602,307.092,0.654239,0,0,0.321317,0.946972,25,0,1,0),
(240133,170592,1,0,0,1,1,-7182.67,933.532,306.979,2.21718,0,0,0.895071,0.445923,25,0,1,0),
(9092906,170592,1,0,0,1,1,-9781.68,-2860.63,119.206,0.279273,0,0,0.139183,0.990267,300,0,1,0),
(9092464,170592,1,0,0,1,1,-7310.55,2233.88,72.4531,0.480897,0,0,0.238138,0.971231,300,0,1,0),
(9109862,170592,1,0,0,1,1,5855.94,-1995.04,689.745,5.42784,0,0,0.414754,-0.909934,300,0,1,0),
(9109906,170592,1,0,0,1,1,5871.12,-2012.51,689.701,2.28655,0,0,0.909997,0.414615,300,0,1,0),
(9330403,170592,1,0,0,1,1,-5082.57,-1103.69,87.1186,0.534018,0,0,0.263848,0.964564,300,0,1,0),
(9330402,170592,1,0,0,1,1,-5060.65,-1089.75,86.936,3.74954,0,0,0.954155,-0.299314,300,0,1,0),
(67920,194606,571,0,0,1,1,8307.43,705.927,553.644,0.253072,0,0,0,1,180,255,1,0),
(240136,194606,1,0,0,1,1,-7272.44,946.637,306.36,0.654239,0,0,0.321317,0.946972,25,0,1,0),
(240137,194606,1,0,0,1,1,-7267.45,940.127,306.361,0.654239,0,0,0.321317,0.946972,25,0,1,0),
(67908,194594,571,0,0,1,1,8460.08,950.043,545.051,-3.09792,0,0,0,1,180,255,1,0),
(9180720,194594,1,0,0,1,1,-7184.78,929.577,306.361,2.21718,0,0,0.895071,0.445924,300,0,1,0),
(9180717,194594,1,0,0,1,1,-7178.15,934.61,306.362,2.24088,0,0,0.900292,0.435286,300,0,1,0),
(67921,194607,571,0,0,1,1,8338.74,687.096,553.701,1.59698,0,0,0,1,180,255,1,0),
(240004,194607,1,0,0,1,1,-7159.92,968.19,308.414,3.00559,0,0,0.997689,0.0679491,25,0,1,0),
(67919,194605,571,0,0,1,1,8319.33,744.352,553.701,-0.98611,0,0,0,1,180,255,1,0),
(240003,194605,1,0,0,1,1,-7158.89,974.126,308.49,3.00559,0,0,0.997689,0.0679491,25,0,1,0),
(67918,194604,571,0,0,1,1,8357.72,744.694,553.627,-2.30383,0,0,0,1,180,255,1,0),
(240005,194604,1,0,0,1,1,-7158.29,979.98,308.413,3.00559,0,0,0.997689,0.0679491,25,0,1,0),
(72058,194592,571,0,0,1,1,8458.11,905.744,546.489,2.82392,0,0,0.987412,0.158169,30,0,1,0),
(72043,194592,571,0,0,1,1,8670.57,692.054,547.522,1.89567,0,0,0.812154,0.583443,30,0,1,0),
(67906,194592,571,0,0,1,1,8459.21,905.564,545.516,2.75761,0,0,0,1,180,255,1,0),
(240088,194592,1,0,0,1,1,-7164.78,1014.48,306.361,3.79203,0,0,0.94758,-0.319518,25,0,1,0),
(240089,194592,1,0,0,1,1,-7169.75,1021,306.36,3.79203,0,0,0.94758,-0.319518,25,0,1,0),
(72037,194608,571,0,0,1,1,8368.94,708.93,553.772,2.93164,0,0,0.994495,0.104784,30,0,1,0),
(240087,194608,1,0,0,1,1,-7254.69,1036.01,306.361,5.3627,0,0,0.444166,-0.895945,25,0,1,0),
(240086,194608,1,0,0,1,1,-7261.24,1031,306.36,5.3627,0,0,0.444166,-0.895945,25,0,1,0);

/*Data for the table `gameobject_template` */

DELETE FROM `gameobject_template` WHERE `entry` IN (8021000, 8010000, 8010001, 8010002, 8010003, 8007862, 8007658, 800342, 8008124, 8008054, 8004714, 8009248, 181640, 186393, 188596, 70264, 178764, 194593, 194595, 194589, 170592, 194606, 194594, 194607, 194605, 194604, 194592, 194608);

INSERT INTO `gameobject_template`(`entry`,`type`,`displayId`,`name`,`IconName`,`castBarCaption`,`unk1`,`faction`,`flags`,`size`,`data0`,`data1`,`data2`,`data3`,`data4`,`data5`,`data6`,`data7`,`data8`,`data9`,`data10`,`data11`,`data12`,`data13`,`data14`,`data15`,`data16`,`data17`,`data18`,`data19`,`data20`,`data21`,`data22`,`data23`,`AIName`,`ScriptName`,`VerifiedBuild`) VALUES
(8021000,10,8520,'Arena Records','','','',0,0,5,0,0,0,0,0,0,0,0,0,0,0,0,0,0,0,0,0,0,0,0,0,0,0,0,'','duel_records_system',1),
(8010000,33,9276,'Arena 0','','','',0,0,1.4,0,0,0,0,0,0,0,0,0,0,0,0,0,0,0,0,0,0,0,0,0,0,0,0,'','',1),
(8010001,33,9256,'Arena 1','','','',0,0,1.4,0,0,0,0,0,0,0,0,0,0,0,0,0,0,0,0,0,0,0,0,0,0,0,0,'','',1),
(8010002,33,9257,'Arena 2','','','',0,0,1.4,0,0,0,0,0,0,0,0,0,0,0,0,0,0,0,0,0,0,0,0,0,0,0,0,'','',1),
(8010003,33,9258,'Arena 3','','','',0,0,1.4,0,0,0,0,0,0,0,0,0,0,0,0,0,0,0,0,0,0,0,0,0,0,0,0,'','',1),
(8007862,5,7862,'Arena Bonfire','','','',0,0,1,0,0,0,0,0,0,0,0,0,0,0,0,0,0,0,0,0,0,0,0,0,0,0,0,'','',1),
(8007658,5,7658,'Arena Earth Rune','','','',0,0,3,0,0,0,0,0,0,0,0,0,0,0,0,0,0,0,0,0,0,0,0,0,0,0,0,'','',1),
(800342,5,342,'Arena Wall Rune','','','',0,0,1,0,0,0,0,0,0,0,0,0,0,0,0,0,0,0,0,0,0,0,0,0,0,0,0,'','',1),
(8008124,5,8124,'Arena Eye of Acherus','','','',0,0,1,0,0,0,0,0,0,0,0,0,0,0,0,0,0,0,0,0,0,0,0,0,0,0,0,'','',1),
(8008054,5,8054,'Arena Skull of Acherus','','','',0,0,1,0,0,0,0,0,0,0,0,0,0,0,0,0,0,0,0,0,0,0,0,0,0,0,0,'','',1),
(8004714,5,4714,'Arena Light Powersource','','','',0,0,1,0,0,0,0,0,0,0,0,0,0,0,0,0,0,0,0,0,0,0,0,0,0,0,0,'','',1),
(8009248,5,9248,'Arena Flat Steel','','','',0,0,1,0,0,0,0,0,0,0,0,0,0,0,0,0,0,0,0,0,0,0,0,0,0,0,0,'','',1),
(181640,7,6690,'Arena Throne','','','',0,0,1,1,1,0,0,0,0,0,0,0,0,0,0,0,0,0,0,0,0,0,0,0,0,0,0,'','',1),
(186393,5,6725,'Arena Bleachers','','','',0,0,1,0,0,0,1,0,0,0,0,0,0,0,0,0,0,0,0,0,0,0,0,0,0,0,0,'','',1),
(188596,5,7812,'Arena Pedestal','','','',0,4,3,0,0,0,0,0,0,0,0,0,0,0,0,0,0,0,0,0,0,0,0,0,0,0,0,'','',1),
(70264,5,6752,'Arena Ice Block','','','',0,0,1,0,0,0,0,0,0,0,0,0,0,0,0,0,0,0,0,0,0,0,0,0,0,0,0,'','',1),
(178764,5,5453,'Arena Rope Line','','','',0,0,1,0,0,0,0,0,0,0,0,0,0,0,0,0,0,0,0,0,0,0,0,0,0,0,0,'','',1),
(194593,5,8620,'Ironforge Banner','','','',0,0,1,1,1,0,1,0,0,0,0,0,0,0,0,0,0,0,0,0,0,0,0,0,0,0,0,'','',1),
(194595,5,8616,'Darnassus Banner','','','',0,0,1,1,1,0,1,0,0,0,0,0,0,0,0,0,0,0,0,0,0,0,0,0,0,0,0,'','',1),
(194589,5,8617,'Exodar Banner','','','',0,0,1,1,1,0,1,0,0,0,0,0,0,0,0,0,0,0,0,0,0,0,0,0,0,0,0,'','',1),
(170592,7,2810,'Arena Throne','','','',0,0,1,1,1,0,0,0,0,0,0,0,0,0,0,0,0,0,0,0,0,0,0,0,0,0,0,'','',1),
(194606,5,8615,'Horde Banner','','','',0,0,1,1,1,0,1,0,0,0,0,0,0,0,0,0,0,0,0,0,0,0,0,0,0,0,0,'','',1),
(194594,5,8623,'Alliance Banner','','','',0,0,1,1,1,0,1,0,0,0,0,0,0,0,0,0,0,0,0,0,0,0,0,0,0,0,0,'','',1),
(194607,5,8621,'Orgrimmar Banner','','','',0,0,1,1,1,0,1,0,0,0,0,0,0,0,0,0,0,0,0,0,0,0,0,0,0,0,0,'','',1),
(194605,5,8622,'Silvermoon City Banner','','','',0,0,1,1,1,0,1,0,0,0,0,0,0,0,0,0,0,0,0,0,0,0,0,0,0,0,0,'','',1),
(194604,5,8624,'Thunder Bluff Banner','','','',0,0,1,1,1,0,1,0,0,0,0,0,0,0,0,0,0,0,0,0,0,0,0,0,0,0,0,'','',1),
(194592,5,8619,'Gnomeregan Banner','','','',0,0,1,1,1,0,1,0,0,0,0,0,0,0,0,0,0,0,0,0,0,0,0,0,0,0,0,'','',1),
(194608,5,8618,'Undercity Banner','','','',0,0,1,1,1,0,1,0,0,0,0,0,0,0,0,0,0,0,0,0,0,0,0,0,0,0,0,'','',1);
